sample_id,volunteer_id,sampling_day
S107_d0,S107,0
S107_d3,S107,3
S107_d7,S107,7
S105_d3,S105,3
S105_d7,S105,7
S109_d7,S109,7
S101_d1,S101,1
S101_d3,S101,3
S101_d7,S101,7
S115_d0,S115,0
S115_d1,S115,1
S115_d3,S115,3
S115_d7,S115,7
S110_d0,S110,0
S110_d1,S110,1
S110_d3,S110,3
S110_d7,S110,7
S114_d1,S114,1
S114_d3,S114,3
S114_d7,S114,7
S104_d0,S104,0
S104_d1,S104,1
S104_d3,S104,3
S104_d7,S104,7
S102_d0,S102,0
S102_d1,S102,1
S102_d3,S102,3
S102_d7,S102,7
S112_d0,S112,0
S112_d1,S112,1
S117_d0,S117,0
S117_d1,S117,1
S117_d3,S117,3
S117_d7,S117,7
S116_d0,S116,0
S116_d1,S116,1
S116_d3,S116,3
S116_d7,S116,7
S108_d0,S108,0
S108_d3,S108,3
S108_d7,S108,7
S118_d0,S118,0
S118_d1,S118,1
S113_d3,S113,3
S111_d0,S111,0
S111_d1,S111,1
S111_d3,S111,3
S111_d7,S111,7
S103_d0,S103,0
S103_d1,S103,1
S103_d3,S103,3
S103_d7,S103,7
S106_d0,S106,0
S106_d1,S106,1
S106_d3,S106,3
S106_d7,S106,7
